(not) have the luxury of doing,没有做…的余裕
(not) jibe with sth,与STH不一致（疑问/否定常用）
", no more so than sth.",尤其是/比不上STH
[time] ahead of time = [time] in advance ,提前[时间]
"20 pounds' worth of goods 
goods worth 20 pounds ",价值20英镑的货物
"A and B have a lot/sth in common 
A has sth in common with B ",A和B有…共同点
A and B have nothing in common ,A和B没有共同点
"A be composed of B 
A be made up of B 
A comprise B 
A consist of B 
B make up A",A由B组成；B组成A
a cake weighing 1 kilogram,重1千克的蛋糕
a double-edged sword,双刃剑
a drain on my money,钱的耗尽n.
"a great deal of u.n. 
reams of u.n. ",大量（不可数）
"a host of c.n. 
a multitude of c.n. 
a myriad of c.n. = myriads of c.n. ",大量（可数）
A isn't up there with B.,A还远不如B
"a long time ago 
once upon a time ",很久以前
a majority/minority of sth ,…的多数/少数
a matter of opinion,看法因人而异；见仁见智
"a wealth of sth 
a mass of sth = masses of sth ",大量（c.n&u.n）
a wide range/variety of sth ,广泛的
A work well for B.,A对B而言很管用
abide by sth = follow/observe sth ,遵守（规则）
"Above all, 
At the outset, 
First and foremost, ",首要的是
accommodate/adapt to sth,适应STH
"accompany sb 
keep sb company 
keep company with sb ",陪伴SB
accomplish nothing = end up nowhere ,一无所获
"according to sth 
in accordance with sth ",根据STH
account for sth ,解释说明STH；占比
"accuse sb of sth 
charge sb with sth 
sue sb for sth ",指控/起诉SB（罪）
acquaint/familiarize sb with sth,使SB熟悉STH
across the board,全面地
"Actually, 
In fact, 
To be honest, 
To tell the truth, 
As a matter of fact, ",事实上
adapt sb to sth,使SB适应STH
add sb on Wechat ,加微信
add up to sth ,合计达STH
"address A as B 
call A B 
refer to A as B ",把A称为B
adhere/stick to sth ,坚持/恪守STH
admire sb for sth ,因STH佩服/羡慕/欣赏SB
admit sb to spl,准许SB进入SP
advise sb about sth ,向SB提供有关STH的建议
advise sb to do ,建议SB做
against/despite all odds,排除万难
agree to disagree,各自保留意见
"aim at sth/doing 
aim for sth ",瞄准；以STH为目标
"aim to do 
intend to do 
mean to do 
seek to do ",意图/打算做
"align with sth 
be aligned with sth ",与STH对齐/保持一致
All men are created equal.,（主语补足语）
"all of a sudden 
out of the blue ",突然地
"allow sb to do 
license sb to do 
permit sb to do ",允许SB做
amount to sth ,合计达；意味着STH
answer for sth ,承担STH的后果
"anyhow = anyway 
at all costs/events 
in any case/event 
on all accounts 
whatever happens ",无论如何
"Apart from sth, 
Aside from sth, 
In addition to sth, ",除STH之外
"appeal to sb 
be appealing to sb 
have appeal for sb ",吸引SB
"appeal to sb to do / for sth
call on sb to do ",呼吁SB…
apply A to B,将A应用于B
apply for sth,申请STH
"apply oneself to sth 
commit oneself to sth 
dedicate oneself to sth 
devote oneself to sth ",专注于/投入于STH
appreciate sth / sb's doing,欣赏；感激
Are you on Line/Twitter？,你有Line/…吗？
argue with sb about sth restlessly,与SB就STH争执不下
"arise from sth 
derive from sth 
originate from sth 
result from sth 
spring from sth 
stem from sth ",来源于（人事物）
around the clock,从早到晚
arouse interest,引起兴趣
"as a result of sth 
because of sth 
due to sth 
on account of sth 
owing to sth ",由于/因为STH
"as against sth 
as opposed to sth 
in contrast to sth ",与STH相比/相较于STH
"As far as I know, 
As far as I can see, 
To my knowledge, ",据我所知
"As far as sth be concerned, ",就STH而言；从STH考虑
"As for sth, = Turning to sth, ",至于STH（转移话题）
"As is often the case, S.V.O. 
It's often the case [that].",通常情况下……
"as long as [clause] 
on condition [that] ",只要……
"As time passes by, 
With the time going by, ",随着时间推移
ascribe/attribute B to A ,将B归因于A
ask sb of sth,要求SB做到STH
"aspire to sth / aspire to do 
long for sth /  long to do 
yearn for sth / yearn to do ",渴望（动词）
"assist sb with sth 
assist sb in doing ",帮助SB做STH
assume/take responsibility for sth ,承担STH的责任
"assure sb of sth 
assure sb [that] ",向SB保证STH
"at a distance of [num] 
from a distance 
in the distance ","在[距离]外
从远处（看）
在远方"
at a premium,溢价地；稀缺的
at a stretch,一口气地
at all costs,不惜一切代价
"At first, = Initially, = In the beginning, ",起初
at national level,国家级
at one's convenience,在SB方便时
at one's disposal,任由SB处置
at one's leisure,在SB闲暇时
at one's peril,让SB冒险地
at short notice,临时通知
at the cost/expense of sth,以STH为代价
at the peril/risk of sth,冒着STH的风险
"at times 
from time to time 
now and then 
once in a while ",有时；偶尔
avail oneself of sth ,利用STH
balance A against B,权衡A和B
band together to do,联手做
"be absorbed in sth 
be buried in sth 
be engrossed in sth 
be wrapped up in sth ","埋头于/专注于STH
（be动词）"
be accessible to sb,对SB开放；可被SB得到
"be accountable for sth 
be liable for sth 
be responsible for sth ",对STH负责
be addicted to sth,对STH上瘾
be adjacent to sth,紧邻STH
be adjacent to sth,紧邻STH
"be afraid of sth 
be frightened of sth 
be scared of sth 
be terrified of sth ",害怕STH
be ahead of the curve in spl,引领潮流
be aimed at sth/doing ,旨在STH；目标是STH
be analogous/similar to sth ,类似于STH
be apathetic to sth,对STH漠不关心
"be approaching/coming soon 
be around the corner ",临近了
be at a loss,不知所措
be at odds with sth,与STH不合/不一致
be at one's wits' end,机关算尽
be at stake,千钧一发；危在旦夕
be at the mercy of sth,任由STH摆布
"be attuned to sth 
be in tune with sth 
be in harmony with sth ",与STH协调
"be awash in sth 
be brimming with sth 
be overflowing with sth ",充满STH
be based/predicated on sth,以STH为基础
be beneficial/conducive to sth ,有利于STH
be blessed with sth,有幸得到STH
be bound for spl,前往SP
be bound to do,一定会做
be busy/occupied (in) doing ,忙于做
be busy/occupied with sth ,忙于STH
"be cautious of/about sth 
be wary of sth ",对STH谨慎
be comparable to sth,与STH相当
be concerned about sth,担忧STH
be concerned with sth,与STH有关；涉及STH
be confronted/faced with sth ,面对STH
"be consistent with sth 
be consonant with sth 
be in the line with sth 
be in keeping with sth ",与STH一致（be动词）
be contrary/counter to sth ,与STH相悖/相反
"be critical for/to sth 
be crucial for/to sth 
be essential for/to sth 
be vital for/to sth ",对STH至关重要
"be crying out for sth 
be desperate for sth / to do 
be dying for sth 
be itching for sth / to do ",渴望（be动词）
be dependent/reliant on sth,依赖于STH
be detrimental/harmful to sth,对STH有害
be diagnosed with sth,被诊断出STH
be discounted as trivial,被轻视为微不足道
be discounted as trivial,被轻视为微不足道
"be disgusted with sth / to do 
be sickened by sth 
be repulsed by sth 
be revolted by sth ",对STH反感/厌恶
be dismayed at/by sth ,对STH震惊且失望
be distrusted of sth,不信任STH
"be down to sth 
be due to sth 
come down to sth ",归结为STH
be earmarked for sth,被指定用于STH
be eligible/qualified for sth ,有资格获得STH
be eligible/qualified to do ,有资格做
be employed in sth,被应用于STH
be enthusiastic/passionate about sth ,对STH满怀热情；热爱STH
be equivalent to sth,等同于STH 
be favored by sb ,受SB青睐
be fit for sb / to do ,适合SB；适合做
"be fond of sth 
be keen on sth / to do ",热爱STH
be foreign/new/strange to sb ,SB对STH陌生
be geared up to do ,准备好去做
"be good at sth 
be skilled in sth 
be adept at/in sth 
be expert on/at/in sth ",擅长STH
be honored/privileged to do ,有幸做
be ignorant of sth ,对STH一无所知
be in a good mood,心情好
be in a mess,乱七八糟
be in doubt about sth,对STH有疑问
be in full swing  ,如火如荼
be in high spirits,兴致高
be in one's debt,欠SB人情
be in possession of sth,拥有STH 
be in the air,正在流行
be in the dark about sth ,关于STH被蒙在鼓里
"be inclined to sth 
be liable to sth 
be prone to sth ",倾向于STH
be indicative of sth,表示STH
be indifferent to sth,对STH无动于衷
be inferior to sth ,不如STH
be intended/meant for sth ,被用于STH
be intended/meant to do ,被用来做
be labelled as sth ,被标记为STH
be neck-and-neck with sth,与STH不分伯仲
be nipped in the bud,被扼杀在萌芽
be obliged to do ,有义务去做
be obliged/thankful to sb for sth ,因STH感激SB
be oblivious to sth ,对STH浑然不觉
be off limits to sth,禁止进入STH
be off the hook,脱困
be on a level with sth,与STH处于同一水平
be on edge,坐立不安
be on guard against sth,防范STH
be on the decrease/decline/wane ,下降
be on the increase/rise ,上升
be on top of the world,心满意足
be optimistic/sanguine about sth ,对STH乐观
be oriented towards sth,以STH为导向
be out of one's league,高攀不起
be out of the question ,不可能
be over the moon,欣喜若狂
be overcome by sth,受不了STH
be overwhelmed by/with sth,被STH压垮
be parallel to sth ,与STH平行/相似
be particular about sth ,对STH挑三拣四
be poles apart,截然相反
be popular among/with sb ,受SB欢迎
be rated as sth ,被评为STH
be regretful about sth,对STH感到後悔
be rushed to hospital,被紧急送往SP
be secure about sth,对STH有把握
be stranded on spl,搁浅于SP
be stranded/trapped in sth ,被困在STH中
be struck down with sth,因STH病倒
be subjected to sth,遭受；受到STH影响
"be surprised at/by sth 
be amazed at/by sth 
be astonished at/by sth 
be shocked at/ by sth 
be astounded at/by sth ",对STH感到惊讶/震惊
be targeted at sth/doing ,针对于STH
be tasked with doing,被指派做
be to blame for sth,为STH负责
be tolerant of sth,容忍STH
be touted as a model ,被标榜为STH
be unaware of sth ,没意识到STH
be up for review,等待审查
be visible to naked eyes,肉眼可见
be way out ahead of sth,遥遥领先于STH
be worse than sth ,比STH更糟
"be worth sth/doing 
be worthy of sth ",值得…
be worthy of being done / to be done ,值得被做
bear fruit = come to fruition ,取得成果
bear in mind [that],记住……
bear out sth,证实STH
bear the marks of sth,透露出STH
bear witness to sth ,见证STH
beat oneself up over one's failure,对失败耿耿于怀
beef up sth,加强STH
beg the question of sth,回避了STH
beguile sb into doing ,诱骗SB做
beguile sb with sth ,用STH欺骗SB
bend the rules,改变规则
bend/bow to hardships,向困难低头
bend/lean over backward to do,拼命做
benefit from the initiative,获益于此倡议
beyond one's depth ,超出SB理解范围
beyond one's reach,遥不可及
bite the bullet,咬紧牙关；硬着头皮
blame/condemn sb for sth ,因STH责备SB
"blend in (with) sth
fit in with sth ",与STH一致；适应；融入
blend/integrate into sth ,融入STH
blow hot and cold,出尔反尔
blunder into spl,错误闯入SP
blur the difference/distinction between A and B,消除了STH的差异
blur the edges/line of sth,模糊了STH的边界
"board a ship 
be aboard the ship ",登船
boast about/of sth,吹嘘STH
boss sb around,对SB颐指气使
bother doing / to do ,费心(去)做
bounce (ideas) off sb,向SB征求意见
break down barriers,打破障碍
"break free of sth 
get away from sth 
shake off sth ",摆脱STH
break/split up with sb ,与SB分手
brighten up someone else's day,点亮别人的生活
"bring about sth 
give rise to sth 
lead to sth 
result in sth 
translate into sth ",产生/导致STH
bring home the bacon,养家糊口
bring sb to ruin,使SB破产/毁灭
bring sth into light = disclose/unmask sth,揭露STH
bring sth to one's notice,使SB注意到STH
bring/cause/do damage to sth,损害STH
broaden/expand one's horizons,开阔视野
build a reputation,树立声誉
bumble into spl ,无奈陷入SP
bump a lump to one's throat,使SB哽咽
bump up sth = ramp up sth ,增加STH
bump/run into sb = encounter sb,偶然遇见SB
burn sb out,使SB精疲力竭
burst into cheers/laughter/tears,突然…
burst onto the scene,横空出世
by a wide margin,以巨大差距
by accident/chance,偶然地
"By and large, 
Overall, 
To summarize, 
To sum up, ",总体上；总而言之
by implication,暗示地
by means of sth,凭借STH
"by no means 
on no account 
under no circumstance ",绝不
"call on sb 
pay a call on sb 
pay a visit to sb ",拜访SB
"can't help doing 
can't help but do ",忍不住做
capitalize on sth ,利用STH（获利）
"captivate sb with sth 
charm sb with sth 
enchant sb with sth ",用STH吸引SB
care about sth ,关心；在意
care for sth ,照料；喜欢
carry out / conduct / perform an experiment/operation ,开展实验/手术
carry out / enforce the law ,执法
cast doubt on sth,怀疑STH
cast/keep an eye on sth,关注STH
"cast/shed/throw light on sth 
shine a light on sth",阐明；揭示STH
catch sight of sth,看见STH
catch up on sth,赶上/弥补STH
cater for/to sb,迎合SB
cease to exist,不复存在
center around/on sth ,以STH为中心
chair a meeting,主持会议
change one's perspective for the better,改变观点使其完善
"China is home to pandas. 
Pandas are native in China. ",原产于SP
China Time-honored Brand,中华老字号
choke sb up,使SB哽咽
claim to be sth,自称是STH
clash/conflict with sb,与SB发生冲突
"classify/group/sort sth into A, B and C",将STH分类为A、B和C
claw one's way to sth ,逐步取得STH
clear up,vi.放晴
clear up sth ,清理STH
cling to sth ,紧握；黏附；坚持STH
coast on sth ,依靠STH而顺利度过
coast/waltz through sth ,轻松通过STH
coincide with sth ,碰巧与STH同时发生
combine A with B ,将A与B组合
come back into the public sight/view,回归大众视野
come back to earth,回到现实
"come into force/operation 
go into effect/operation ",开始生效
come into office = take office ,就职；上任
come into possession of sth = possess sth ,拥有STH 
come into power,执政；上台
come of age,成年
"come to a head 
reach a crisis ",危急存亡
come to life,变得栩栩如生
come to one's notice,引起SB的注意
come to one's rescue/help ,前来救援/帮助SB
come to terms with sth,逐渐接受（悲伤）
come to the fore,崭露头角
come up with sth = think up sth ,想起STH
come upon the stage ,登上舞台
"Come what may, ",无论发生什么
come/go/be along for the ride,凑热闹；兜风；陪伴
come/run across sth ,偶然发现STH
"come/run up against sth 
meet with sth",遭遇（困难/反对）
"commend sb for sth 
honor sb for sth 
recognize sb for sth ",因STH表彰SB
"comment/remark on sth
make comments/remarks on sth ",评论STH
commit an error,犯错
communicate/convey sth to sb,将STH传达给SB
"compel sb to do 
force sb to do / into doing ",强迫SB(去)做
"compensate for sth 
make up for sth 
atone for sth ","补偿（金钱）
弥补
弥补（过错）"
compliment sb on sth,因STH赞美SB
"comply with sth 
conform to sth 
obey sth ",服从；符合（法令）
concentrate/focus on sth ,专注于STH
condition sb to do,训练SB做
congratulate sb on sth,就STH祝贺SB
consider the full scope of sth,全面考虑STH
"consider/regard/see/view A as B 
consider/deem A B 
look on A as B 
think of A as B ",将A视为B
"considering sth / [that] 
in consideration of sth 
in consideration of there being sth ",鉴于；考虑到
"continue to do 
proceed to do 
go on to do ",接着做（另一件事）
convince sb of sth ,使SB相信STH
convince sb to do ,说服SB去做
coordinate with sth,与STH协调
"cope with sth 
deal with sth 
dispose of sth ",应对/处理STH
"corner sb to the edge of sth 
drive/force sb into a corner ",把SB逼入绝境
correspond to/with sth,对应于STH
crack down on sth = sanction sth,制裁STH
"credit A with B 
credit B to A 
owe B to A ",将B归功于A
cry on one's shoulder,向SB倾诉
cure sb of sth ,治愈SB的STH
cut down on sth,削减STH
cut sb some slack,放SB一马
day after day,日复一日
day by day,一天天地
decide on sth ,决定STH
decide/determine to do ,决定做
delve into sth,钻研STH
"depend on sth 
hinge upon sth 
lean on sth 
rely on sth ",依靠STH
deposit sth in(to) spl ,把STH存放在SP
deprive/strip sb of sth,剥夺SB的STH
derive pleasure from sth ,从STH获得乐趣
deserve sth / to do / to be done ,值得STH/做/被做
distance sb from sth,使SB远离STH
distract sb from doing,使SB做STH分心
"divert/turn one's attention from A to B 
shift one's focus from A to B ",将注意力从A转移到B
do away with sth = abolish sth ,废除STH
do sb a favour ,帮SB一个忙
dovetail/mesh with sth ,与STH吻合
draw to a close ,接近尾声
"drive sb to do 
pressure sb to do / into doing",驱使SB(去)做
drop in on sb ,顺路拜访SB
earn a living,谋生
earn rounds of applause,赢得阵阵掌声
eliminate A from B,从B中消除/淘汰A
"embark on doing 
get down to sth 
go about sth/doing 
set about doing 
set out to do 
take to do ",开始/着手做
end in a tie,以平局告终
"endeavor to do 
strive to do 
try to do 
work to do ",力争/努力做
"enforce sth on sb 
impose sth on sb 
inflict sth on sb ",强加STH于SB；使SB蒙受STH
"engage in sth 
participate in sth 
take part in sth ",从事；参与STH
enjoy a favorable reception,获好评
enrol in sth,注册（入学）
"enter the scene 
step onto the scene ",登场；进入现场
equate/identify A with B ,将A等同于B
escape from the hustle and bustle of the city,逃离城市的喧嚣
Every cloud has a silver lining.,黑暗中总有一线光明 
"Every time [clause], S.V.O. 
Whenever [clause], S.V.O.",每当……
"exchange A for B 
replace A with B ",用B替换A
exchange A with sb,将A与SB交换
exclude A from B,从B中排除A
express/show sympathy for sb,表达对SB的同情
face up to sth ,勇敢面对STH
fade away,vi.逐渐消失
fade from the eyesight,淡出视野
fall a prey to reform,成为变革的牺牲品
fall due on September 17th,九月十七日到期
fall in love at first glance/sight,一见钟情
fall out with sb,与SB争吵
fall short of sth,未到达STH
fall victim to rumors,沦为谣言的受害者
fancy doing = feel like doing ,想要做
feel at liberty,随意；自便
feel out of place,格格不入
feel pity/sympathy for sb,同情SB
feel sb do,感觉SB要做
fight tooth and nail,殊死搏斗
"figure out sth 
make sense of sth ",弄清楚STH
find fault with sth ,找茬/挑剔STH
find no shortage of sth,不缺乏STH
"First, = For starters, = To begin with, ",首先
fix one's eyes on sth ,盯着STH
flesh out sth,充实STH
flock to spl,蜂拥而至
fly in the face of sb,公然违抗SB
fly off the handle,情绪失控
follow a strict schedule,严格遵守日程
follow one's suit,效仿SB
fool/trick sb into doing ,愚弄/哄骗SB做
for free = free of charge ,免费
for lack of sth,由于缺乏STH
for the time being,暂时地
"forbid sb from doing 
forbid sb to do (书) ",禁止SB做STH
from an early age,从小
from dawn till dusk,从早到晚
from deep inside = from within ,从心底
from generation to generation,一代代
from now on ,从现在起
from the day forward ,从那天起
from the time forth ,从那时起
from top to bottom,从头到尾
fuel concern over sth ,加剧对STH的担忧
furnish/equip/provide/supply sb with sth,为SB提供STH
"fuss over sb 
fuss about sth ","关心SB
为（琐事）烦恼"
gaze at sth ,凝视STH
gear up for sth ,为STH作准备
generalize A to B,将A推广到B
get 20% discount = offer 20% off ,打八折
get a full image of sth ,得知STH的全貌
get a handle on sth ,掌握STH
get a kick out of sth,享受STH的乐趣
get a seat at the table,占一席之地
get away with sth,侥幸逃脱STH
get entangled in sth,被卷入STH
get from bad to worse,每况愈下
get in the way,挡路；碍事
get on one's nerves,使SB心烦意乱
get one's hands on sth ,亲身体验；得到STH
get paid for sth,因STH得到报酬
get rid of sth = throw away sth ,去除/扔掉STH
get sth across to sb,使SB明白STH
get sth back on track,使STH回归正轨
get through one's hard times,渡过难关
get/run into trouble,遇到麻烦
give an honor to sb,给SB一个荣誉
give credit to sb,信任SB；赞扬SB
give in to sth ,迁就STH；屈服于STH
give preference/priority to sth ,优先考虑STH
give recognition to sb,表彰SB
give sb a lift ,让SB搭便车
give testament to sth ,证明STH
give testimony to sth ,为STH作证
give up on sth ,不再相信STH
give way to sth,让位于STH
give sb the cold shoulder,冷落SB
give/pay one's respects to sb,向SB致敬
give/send regards to sb,向SB致以问候
given sth / [that] ,给定；考虑到；如果有
glow with health,容光焕发
"go all out to do 
make every effort to do 
pull out all the stops to do ",竭尽全力/全力以赴做
go from rags to riches,白手起家
go on strike,罢工
go out of one's way to do,特意做
go the distance   ,坚持到底
go to extraordinary lengths to do,不遗余力做
go wild with joy,欣喜若狂
good value for money,n.高性价比之物；物超所值
guard/protect/secure sb against sth,保护SB免受STH
guard/protect/shelter/shield sb from sth,保护SB不受STH
gush/stream into spl,涌入SP
gut reaction,n.下意识
hands down,轻而易举地
hang in the balance ,悬而未决
harmonize with sth ,与STH和谐
have (no) access to sth ,(不)可获得STH
have a [adj] idea of sth / [wh-] ,对…有AD的想法
have a clear picture of sth,对STH有清晰了解
have a date with sb ,与SB约会
have a good knowledge of sth,对STH有很好了解
have a hard time (in) doing ,很难做到…
have a knack of doing,有做…的天赋
have a long conversation with sb,与SB长谈
have a passion for sth ,对STH有热情
have a share in sth ,分得STH一部分
have a stake in sth ,与STH利益相关
have an appetite for sth,对STH有胃口
have an equal shot at sth,在STH上机会平等
have an intention of doing / to do ,打算做
have command/mastery of sth ,掌握/精通STH
have confidence in sb ,对SB有信心
"have contact with sb 
keep in contact/touch with sb ",与SB有联系
have control of/over sth = control sth ,控制STH
have difficulty/trouble (in) doing ,做…有困难
have mercy on sb,怜悯SB
have no clue to sth / [wh-],对…毫无头绪
have no concept of sth / [that] ,对…没有概念
have no cure for sth,针对STH无药可救
have no idea of sth / [wh-] ,对…一无所知
have no intention of doing / to do ,不打算做
have no knowledge of sth ,对STH一无所知
have no regrets about sth ,不后悔STH
have no sympathy for sb,不同情SB
have the world at one's feet ,功成名就；睥睨天下
have/put/place faith in sb ,信任SB
have/take pity on sb,可怜SB
head for spl = make for spl ,走向SP
"heart and soul 
with all one's heart",全心全意地
help sb out = tide sb over ,帮助SB（渡过难关）
hit it off with sb at once,一拍即合；一见如故
hit the nail on the head,一针见血
hit/make the headlines,上头条
hold a [adj] stance on sth ,对STH持…立场
hold a rally to do,举行集会去做
hold off sth = stave off sth ,延缓STH
hold on to sth,抓住；坚持STH
hold opposite viewpoints on sth,对STH持反对观点
hoover up sth ,大量获得STH
"hope for sth 
look forward to sth ",期待STH
"identify with sb 
resonate with sb 
strike/touch a chord with sb ",与SB产生共鸣
implement a decision/plan/policy,实施决策
"impress sb as sth/adj 
make a [adj] impression on sb ",给SB留下…印象
impress sb with sth ,用STH给SB留下深刻印象
impress sth on sb ,使SB铭记STH
impute B to A,将B归咎于A
in a [adj] fashion,以…方式
in a flash,瞬间
in a good manner,礼貌地
in a pinch,紧要关头；万不得已
"in a way 
in part 
to some degree/extent ",某种程度上
in aid of sb,为了帮助SB
"In brief, 
In short, 
In sum, 
In general, 
Generally (speaking), ","简而言之；一般地
（说明文）"
in case of unexpected needs,以备不时之需
"In conclusion, 
In summary, 
All in all, 
As a whole, 
On the whole, ","总而言之；总体上
（议论文）"
in despair,绝望地
in detail,详细地
in favour of sth,赞成STH
in haste to do,匆忙做
in high gear,挂快档；高速运转地
"in large part 
to a large extent",很大程度上
in light of sth = in view of sth,鉴于STH
in moderation,适度地
"In my humble opinion, ",依我愚见
"In my view, 
From my perspective/standpoint, 
From my point of view, ","依我之见；在我看来
（议论文）"
"in no time 
right away/now 
without delay ",立即
in one's zeal to do / for sth,急于/一心想要…
in pursuit of sth ,为了追求STH
"in regard to sth 
with regard to sth 
in respect of sth 
with respect to sth 
concerning/regarding sth ",关于STH
in search of sth ,为了寻找STH
in spite of sth ,尽管有STH
in succession = on end ,连续地
in support of sb,支持SB
"In terms of sth / [that], ",就…而言
in the absence of sth ,当STH缺席
in the blink of an eye,眨眼间
in the hope of sth ,希望STH
in the long run/term,从长远来看
in the presence of sth ,在STH面前
in the wake of sth,随STH而来
in vain = to no avail ,徒劳无功；无济于事
inform sb of sth ,通知SB STH
infringe copyright / violate privacy ,侵犯著作权/隐私权
"infuse sb with sth 
infuse sth into sth ",向…灌输/注入STH
inherit sth from sb,继承
"inject sb with sth 
inject sth into sb ",向SB注入STH
"inquire about sth 
make inquiry about sth ",询问STH
inspire/motivate sb to do ,激励SB做
instead of sth = rather than sth ,而非STH
instill sth in sb ,向SB灌输STH
integrate A with B ,将A与B融合
irrespective/regardless of sth ,无论STH如何
"issue from sth 
issue sth ","从STH中发出/流出
vt.发布STH"
It didn't occur to sb until [clause].,直到……SB才想起
It is incumbent on sb to do.,SB做…义不容辞
It is proved [that]. ,……被证明了
It makes sense to do.,做…有道理
It occurred to sb [that].,SB想起……
It turns out [that]. ,原来是……
jump on the bandwagon,赶时髦；跟风
keep a clear/guilty conscience,问心(无/有)愧
keep abreast of sth ,及时了解STH
keep pace with sth ,与STH保持同步
keep sb informed of sth ,使SB获知STH
keep sb on sb's toes,使SB保持警觉
keep sth at bay,阻止STH发生
keep sth to oneself,独自保留STH
keep the shop afloat,维持商店运营
keep up with sth ,跟上STH的步伐
kick in = take effect ,起作用
kick off an arms race,打响军备竞赛
"Last but not least, 
To end with, ",最后但同样重要的是
last for a long period of time,持续很长时间
"laugh one's head off 
laugh out loud ",大笑
lavish sth on sb,滥加STH于SB
lay a substantial foundation for sth ,为STH打下坚实基础
lay/put the blame for sth on sb,将STH的责任归咎于SB
lead/live a happy life,过上幸福生活
leave a lot/much to be desired ,不尽如人意
leave nothing to be desired,无可指摘
leave sb in the dust,令SB望尘莫及
leave sth out,排除STH
leave to one's own devices ,放任其发展
leave/let sb alone,不打扰SB
leave/let sth alone,别管STH
level the playing field for sth,为STH创造公平竞争环境
"lie in sth 
rest with sth 
reside in sth ",在于STH
like nobody's business,非常(快/多/出色)地
line/queue up for sth,排队等候STH
line/queue up to do ,排队做
live from hand to mouth,勉强糊口
live up to one's reputation,配得上名誉
liven up,（使）变得活跃
lodge sth with sb ,将STH交予SB保管
look after sth = take care of sth ,照顾STH
look down on sb,轻视SB
look into sth,调查STH
look to sb for sth ,指望从SB处得到STH
look to sb to do,指望SB做
look up the word,查词
look up to sb,敬仰SB
look/search/seek for sth ,寻找STH
lord it over sb,对SB逞威风
lose confidence in sb,对SB失去信心
lose faith in sb,对SB失去信念
lose ground (to sth),失势；败给STH
lose oneself in sth,沉浸于STH；在STH中迷失
lose out to sth,败给STH
lose sight of sth,看不见STH
lose track of sth,失去STH的踪迹
lose trust in sb,对SB失去信任
major/specialize in sth ,专攻STH
make (both) ends meet,收支平衡
make a deal with sb,与SB交易
make a desperate attempt to do,孤注一掷
make a fuss ,小题大做
make a mess ,弄得一团糟
make a name for oneself,扬名立万
make a sour face,尖酸刻薄
make an appointment with sb ,预约SB
make an attempt to do / at sth ,企图…
make an entrance,华丽登场
make compromises to sth,对STH做出妥协
make contact with sb = contact sb ,联系SB
make hay while the sun shines,趁热打铁
make hay/use of sth = harness/utilise sth ,利用STH
make headway/progress in sth ,在STH上取得进展
make inroads [prep] sth,产生影响；侵袭STH
"make it a rule [that] 
make it a daily must to do ",使…成为惯例
make one's mark,取得成就
make one's way (to spl),取得成功；前往SP
make peace with sb,与SB和平相处
make sacrifices for sth ,为STH牺牲
make sth clear/public,公之于众
make sth of the essence,使STH成为必要
make/stage a comeback,卷土重来；东山再起
manage to do,设法做成
map out sth ,规划好STH
marvel at sth,惊叹于STH
mess up sth ,搞砸STH
mislead sb about/over sth ,在STH上误导SB
mislead sb into doing ,误导SB做STH
miss out (on) sth,错失STH
mix A with B ,将A与B混合
"More often than not,",通常；往往
name after sb,以SB命名
negotiate with sb,与SB谈判
nudge one's way to spl,艰难前往SP
off the beaten track,人迹罕至
on a daily basis,每天
"On hearing sth / [that],",一听说……
on one's daily routine,在日常生活中
on the edge/verge of sth,在STH的边缘
on the grounds [that],理由是……
on the line,命悬一线
on the scene,在（事发）现场
on the site,在（施工）现场
on the spot,当场；立即
open the door to sth,给STH机会
operate on a patient,对病人做手术
"oppose sth 
object to sth 
be opposed to sth ",反对STH
opt for sth = select sth ,挑选STH
order sb to do ,命令SB做
orient sb to sth,引导SB熟悉STH
originate in sth,起源于（地区/时代）
"out of question (旧)
beyond/without doubt ",无疑地
pack/stuff A with B ,用B填满A
pass sth down to sb,将STH流传/传授给SB
pass sth on to sb,将STH传给SB
pave the way for sth,为STH铺平道路
pay attention/heed to sth,注意STH
pay compliments to sb,赞美SB
pay off ,vi.得到回报
pay off / clear the debts ,还清债务
pay sb back in sb's own coin,以牙还牙
pay tribute to sb,致敬SB
peer at sth,端详STH
perform the remarkable feats,建功立业
persevere/persist in sth ,坚持STH
persuade sb to do / into doing ,说服SB(去)做
pick up professional skills,学习专业技能
pin all one's hopes on sth ,对STH寄予厚望
place a burden/strain on sb ,给SB带来负担/压力
plan to do = plan on doing ,计划做
plunge (oneself) into sth,陷入STH；投身于STH
pop up,vi.突然冒出/弹出
pose a challenge/threat to sb,对SB构成挑战/威胁
possess oneself of sth ,将STH占为己有
post videos on the social media,在社媒上发布视频
pour off sth,倒掉STH；从STH流出
pour out sth to sb,向SB倾吐STH
pray for sth,为STH祈祷
"present sb with sth
reveal sth to sb",把STH呈现给SB
press sb to do / into doing,催促/劝说SB(去)做
pride oneself on sth/doing,以…自豪
promise sb sth ,承诺SB STH
promise/pledge sb to do ,承诺SB做
prompt sb to do,促使SB做
prompt speculation over sth ,引发对STH的猜测
propose a toast to sb,敬SB一杯
propose/recommend/suggest sth/doing ,建议…
provoke conflicts,引起冲突
punish sb for sth,因STH惩罚SB
put an end to sth,杜绝STH
put on / gain much weight ,增重
put one's best foot forward,尽SB所能
put one's heart into sth ,全心全意投入STH
put sb ahead of the curve ,使SB抢占先机
put sb at a disadvantage,使SB处于不利境地
put sb in the shade ,使SB黯然失色
put sb on the map,使SB声名鹊起/名声大噪
put sb to shame ,使SB相形见绌
put sth into operation,使STH运作
put up with sth = bear/endure/stand/tolerate sth ,忍受STH
"put/place emphasis on sth 
place importance on sth 
attach importance to sth ",重视STH
quit the civil service job,辞去公职
raise a lot of dust ,引起争议
raise alarm / a red flag for sb about sth ,针对STH向SB发出警告
raise an ethical question,引发伦理问题
raise concerns ,引发担忧
raise one's eyebrows at sth,对STH表示惊讶/反对
range from A to B,在A到B之间变化
rank first = rank number one ,排第一
reach out for sth ,伸手去拿STH
reach out to sb ,向SB施以援手；与SB联系
read between lines,领会言外之意
reason out sth,推理出STH
reassure sb about sth,使SB对STH安心
recommend sth to sb,为SB推荐STH
recover from sth ,从STH中恢复
reduce sb to sth/doing,使SB沦落到…
refer to the dictionary,查字典
register for sth = sign up for sth ,报名STH
rehabilitate sb ,使SB康复/平反
relieve tension/pressure,缓解压力
remain to be seen,有待观察
repay the loan ,偿还贷款
research into/on sth,研究STH
resist the temptation to do,抵抗…的诱惑
"resolve to do 
be determined to do 
make up one's mind to do ",决心做
resort to sth = turn to sth ,诉诸/求助于STH
rest on one's laurels,安于其位；故步自封
restore sb to health ,使SB恢复健康
reverse the tendency,扭转趋势
reward sb for A with B,出于A用B奖励SB
rid sb of sth,使SB摆脱STH
ring/sound the alarm bell,敲响警钟
risk sth/doing,冒着…的风险
rob sb of sth,抢夺SB的STH
round sth off,使STH圆满结束
rub along with sb,与SB友好相处
run the risk of doing,冒险做
run/take one's course,顺其自然
sb has had sb's day,SB风光不再
scale up sth ,扩大STH
scold sb for sth ,因STH训斥SB
scoop up sth ,迅速拿起/舀起/挖起STH
scratch one's head,抓耳挠腮；困惑不解
see through sth,看透STH
see to sth,负责STH；照管STH
seize/take the opportunity to do ,抓住机会做
send for a help,派人求救
send shock waves,引发轰动
serve sb well in sth,在STH上对SB有帮助
settle in (spl),vi.适应；定居于SP
settle on sth ,选定STH
shake up the field of medicine,震惊医学界
shift one's responsibility onto others,将责任推卸给别人
shore up sth,支撑STH
"shout at sb 
slam door at sb ","对SB大吼
对SB摔门"
show a preference for sth ,表达对STH的喜爱
slip beyond one's grasp,滑落到SB控制之外
slip my mind,我忘了
smell a rat,感觉不妙
so far = till now = up to now,截至目前
someday = one day ,有朝一日
somehow or other,想方设法
"Sooner or later,",迟早
sort sth out,分类；整理；解决STH
spare sb (from) sth,使SB幸免于STH
spark one's curiosity/hope/interest,激发好奇/希望/兴趣
Speak for yourself.,那是你的见解
speak out against sth,公开反对STH
speak up,大胆说
"Speaking of sth, 
When it comes to sth, ",当提到STH
"Specious
Plausible
Apparent","似是而非（表面合理,实则谬误）
貌似合理（真假待定）
表面上的；显然的"
spot a difference / an error,发现不同/错误
sprain one's ankle,扭伤脚踝
spring up,vi.大量/迅速涌现
spur sb to do / into doing,激励/促使SB(去)做
stand sb in good stead for sth,对SB做STH很有用
stand up for sb = back/support/uphold sb,支持SB
start from scratch = start afresh ,从零开始
stay away from sth,远离STH
steer clear of sth,避开STH
steer the car,驾车
step by step,逐步地
"sth be of interest to sb
sb have an interest in sth",SB对STH感兴趣
sth dawn on sb ,SB突然明白STH
sth occur to sb = sb hit upon sth ,SB突然想到STH
"sth wash easily 
sth wear comfortably ",（主动表被动）
stimulate sb to do ,刺激SB做
stop at nothing,不择手段
stray away from sth,偏离STH
stray away from sth,偏离STH
stream videos on TikTok,在TikTok上刷视频
stretch for several miles,延展数公里
stretch the rules,放宽规则；通融
stretch the time curtain back to [time],时间回到…
strike fear into the heart of sb,使SB心惊胆战
strike sb as sth/adj ,给SB留下…印象
stumble into spl,偶然进入SP
submit to sb ,屈服于SB
substitute B for A,用B代替A
succeed in sth/doing,在…上成功
suffer from sth,遭受（疾病/灾难）
suggest to sb that sb (should) do ,建议SB应该做
surrender to sb ,向SB投降
sweep up fallen leaves,扫落叶
sympathize with sb,同情SB
take a [adj] position on sth ,对STH持…立场
take A as a sign of B,将A视为B的标志
take a back seat,引退；退居次位
take a bold step into sth ,大胆尝试STH
take a leading position in sth ,在STH中占领先地位
take a leap of faith,放手一搏
take advantage of sth ,利用STH
take charge of sth,负责STH
take control of sth ,取得对STH的控制
take delight/pleasure in sth ,享受STH；以STH为乐
take inspiration from sth,从STH中汲取灵感
take it on the chin,忍气吞声
take measures/steps to do ,采取措施做
take note/notice of sth = note/notice sth ,注意STH
take on a [adj] look,展现…的模样
take on a whole new role,扮演全新角色
take one's revenge,复仇
take pains to do,煞费苦心做
"take pride in sth 
be proud of sth ",为STH感到骄傲
take refuge in spl,避难于SP
take shelter from sth,躲避STH
"take sth for granted 
take it for granted [that]",认为…理所当然
take sth into account/consideration ,将STH纳入考量
take the blame,担责
take the lead in sth/doing ,率先做；带头做
take time off,请假
tempt sb to do / into doing ,诱惑SB(去)做
tempt sb with sth ,用STH诱惑SB
tend to do,倾向于做
the 80th anniversary of the triumph of the Anti-Japanese War,抗战胜利80周年
the country of origin,n.原产国
the dividends of the times,时代的红利
the icing on the cake,n.锦上添花
the primary principle,n.硬道理
There's no denying [that].,不可否认……
"There's no doubt/question [that]. 
It's beyond doubt [that]. 
No doubt [clause]. ",毫无疑问……
There's no need to do.,没必要做…
There's no point in doing.,做…无意义
think nothing of sth,不以为意
through thick and thin,风雨同舟
throw in the towel,认输
throw up one's hands,绝望
tie up with sb,与SB建立联系
tip the balance/scales,打破平衡；起决定性作用
to the limit of the strength,用尽全力地
to the point of sth / [that],到了…的地步
"to name a few,",仅举几例
trickle in = slowly show up ,vi.渐渐出现
try every means to do ,想尽办法做
"turn a blind eye to sth 
be blind to sth ",对STH视而不见
turn one's back on sth ,背弃STH
turn the situation around,力挽狂澜
twenty-three pounds seventy,£23.70
unite in doing ,团结一心做
unite with sb ,联合SB
"Upon doing, S.V.O.",一…就…
urge sb to do,敦促SB做
venture into spl,冒险进入SP
voice my ideas,表达我的观点
wash hands clean,（宾语补足语）
watch over sth,监管STH
wear off,vi.磨损；消逝
wear sth/sb out,用坏STH；使SB筋疲力尽
weigh pros and cons ,权衡利弊
weigh sb down = burden sb,使SB焦虑
win sb over,赢得SB肯定
wipe out sth,彻底摧毁STH
wipe the tears,拭泪
with the help of sb,在SB的帮助下
with the human touch,人性化
with the intention of doing,有…意图
within a stone's throw,近在咫尺
without parallels,无与伦比
wolf down sth,狼吞虎咽STH
word of mouth,n.口碑
Would you be kind enough to do?,你能不能…？
Would you mind my doing / if l do? ,你介意我…吗？
year in and year out,年复一年
yield to sb ,让步于SB
